Hour,Machine_ID,Production,Power_kW,Tariff_Rs,Energy_kWh,Cost_Rs,Health_Score,Severity,Availability,Operational_Status,Effective_Capacity,Batch_ID,Batch_Start,Batch_Active,Batch_Duration
0,MOTOR_01,127.6,31.78,3.5,31.78,111.22,100,NORMAL,1.0,RUNNING_OPTIMAL,230.0,,0,0,0
1,MOTOR_01,127.6,31.78,3.5,31.78,111.22,100,NORMAL,1.0,RUNNING_OPTIMAL,230.0,,0,0,0
2,MOTOR_01,127.6,31.78,3.5,31.78,111.22,100,NORMAL,1.0,RUNNING_OPTIMAL,230.0,,0,0,0
3,MOTOR_01,127.6,31.78,3.5,31.78,111.22,100,NORMAL,1.0,RUNNING_OPTIMAL,230.0,,0,0,0
4,MOTOR_01,136.11,33.1,3.5,33.1,115.84,100,NORMAL,1.0,RUNNING_OPTIMAL,230.0,,0,0,0
5,MOTOR_01,148.87,35.07,3.5,35.07,122.76,100,NORMAL,1.0,RUNNING_OPTIMAL,230.0,,0,0,0
6,MOTOR_01,191.4,41.67,4.5,41.67,187.5,100,NORMAL,1.0,RUNNING_OPTIMAL,230.0,,0,0,0
7,MOTOR_01,204.16,43.64,4.5,43.64,196.4,100,NORMAL,1.0,RUNNING_OPTIMAL,230.0,,0,0,0
8,MOTOR_01,212.67,44.96,4.5,44.96,202.33,100,NORMAL,1.0,RUNNING_OPTIMAL,230.0,,0,0,0
9,MOTOR_01,212.67,44.96,4.5,44.96,202.33,100,NORMAL,1.0,RUNNING_OPTIMAL,230.0,,0,0,0
10,MOTOR_01,204.16,43.64,4.5,43.64,196.4,100,NORMAL,1.0,RUNNING_OPTIMAL,230.0,,0,0,0
11,MOTOR_01,191.4,41.67,4.5,41.67,187.5,100,NORMAL,1.0,RUNNING_OPTIMAL,230.0,,0,0,0
12,MOTOR_01,161.63,37.05,4.5,37.05,166.73,100,NORMAL,1.0,RUNNING_OPTIMAL,230.0,,0,0,0
13,MOTOR_01,178.64,39.69,4.5,39.69,178.6,100,NORMAL,1.0,RUNNING_OPTIMAL,230.0,,0,0,0
14,MOTOR_01,204.16,43.64,4.5,43.64,196.4,100,NORMAL,1.0,RUNNING_OPTIMAL,230.0,,0,0,0
15,MOTOR_01,212.67,44.96,4.5,44.96,202.33,100,NORMAL,1.0,RUNNING_OPTIMAL,230.0,,0,0,0
16,MOTOR_01,221.17,46.28,4.5,46.28,208.27,100,NORMAL,1.0,RUNNING_OPTIMAL,230.0,,0,0,0
17,MOTOR_01,229.68,47.6,4.5,47.6,214.2,100,NORMAL,1.0,RUNNING_OPTIMAL,230.0,,0,0,0
18,MOTOR_01,246.69,50.24,5.5,50.24,276.3,100,NORMAL,1.0,RUNNING_OPTIMAL,230.0,,0,0,0
19,MOTOR_01,255.2,51.56,5.5,51.56,283.56,100,NORMAL,1.0,RUNNING_OPTIMAL,230.0,,0,0,0
20,MOTOR_01,246.69,50.24,5.5,50.24,276.3,100,NORMAL,1.0,RUNNING_OPTIMAL,230.0,,0,0,0
21,MOTOR_01,233.93,48.26,5.5,48.26,265.43,100,NORMAL,1.0,RUNNING_OPTIMAL,230.0,,0,0,0
22,MOTOR_01,148.87,35.07,3.5,35.07,122.76,100,NORMAL,1.0,RUNNING_OPTIMAL,230.0,,0,0,0
23,MOTOR_01,148.87,35.07,3.5,35.07,122.76,100,NORMAL,1.0,RUNNING_OPTIMAL,230.0,,0,0,0
0,COMPRESSOR_01,544.42,29.07,3.5,29.07,101.73,100,NORMAL,1.0,RUNNING_OPTIMAL,1100.0,,0,0,0
1,COMPRESSOR_01,544.42,29.07,3.5,29.07,101.73,100,NORMAL,1.0,RUNNING_OPTIMAL,1100.0,,0,0,0
2,COMPRESSOR_01,544.42,29.07,3.5,29.07,101.73,100,NORMAL,1.0,RUNNING_OPTIMAL,1100.0,,0,0,0
3,COMPRESSOR_01,544.42,29.07,3.5,29.07,101.73,100,NORMAL,1.0,RUNNING_OPTIMAL,1100.0,,0,0,0
4,COMPRESSOR_01,580.72,29.94,3.5,29.94,104.78,100,NORMAL,1.0,RUNNING_OPTIMAL,1100.0,,0,0,0
5,COMPRESSOR_01,635.16,31.24,3.5,31.24,109.35,100,NORMAL,1.0,RUNNING_OPTIMAL,1100.0,,0,0,0
6,COMPRESSOR_01,816.64,35.6,4.5,35.6,160.2,100,NORMAL,1.0,RUNNING_OPTIMAL,1100.0,,0,0,0
7,COMPRESSOR_01,871.08,36.91,4.5,36.91,166.08,100,NORMAL,1.0,RUNNING_OPTIMAL,1100.0,,0,0,0
8,COMPRESSOR_01,907.37,37.78,4.5,37.78,170.0,100,NORMAL,1.0,RUNNING_OPTIMAL,1100.0,,0,0,0
9,COMPRESSOR_01,907.37,37.78,4.5,37.78,170.0,100,NORMAL,1.0,RUNNING_OPTIMAL,1100.0,,0,0,0
10,COMPRESSOR_01,871.08,36.91,4.5,36.91,166.08,100,NORMAL,1.0,RUNNING_OPTIMAL,1100.0,,0,0,0
11,COMPRESSOR_01,816.64,35.6,4.5,35.6,160.2,100,NORMAL,1.0,RUNNING_OPTIMAL,1100.0,,0,0,0
12,COMPRESSOR_01,689.6,32.55,4.5,32.55,146.48,100,NORMAL,1.0,RUNNING_OPTIMAL,1100.0,,0,0,0
13,COMPRESSOR_01,762.19,34.29,4.5,34.29,154.32,100,NORMAL,1.0,RUNNING_OPTIMAL,1100.0,,0,0,0
14,COMPRESSOR_01,871.08,36.91,4.5,36.91,166.08,100,NORMAL,1.0,RUNNING_OPTIMAL,1100.0,,0,0,0
15,COMPRESSOR_01,907.37,37.78,4.5,37.78,170.0,100,NORMAL,1.0,RUNNING_OPTIMAL,1100.0,,0,0,0
16,COMPRESSOR_01,943.67,38.65,4.5,38.65,173.92,100,NORMAL,1.0,RUNNING_OPTIMAL,1100.0,,0,0,0
17,COMPRESSOR_01,979.96,39.52,4.5,39.52,177.84,100,NORMAL,1.0,RUNNING_OPTIMAL,1100.0,,0,0,0
18,COMPRESSOR_01,1052.55,41.26,5.5,41.26,226.94,100,NORMAL,1.0,RUNNING_OPTIMAL,1100.0,,0,0,0
19,COMPRESSOR_01,1088.85,42.13,5.5,42.13,231.73,100,NORMAL,1.0,RUNNING_OPTIMAL,1100.0,,0,0,0
20,COMPRESSOR_01,1052.55,41.26,5.5,41.26,226.94,100,NORMAL,1.0,RUNNING_OPTIMAL,1100.0,,0,0,0
21,COMPRESSOR_01,998.11,39.95,5.5,39.95,219.75,100,NORMAL,1.0,RUNNING_OPTIMAL,1100.0,,0,0,0
22,COMPRESSOR_01,635.16,31.24,3.5,31.24,109.35,100,NORMAL,1.0,RUNNING_OPTIMAL,1100.0,,0,0,0
23,COMPRESSOR_01,635.16,31.24,3.5,31.24,109.35,100,NORMAL,1.0,RUNNING_OPTIMAL,1100.0,,0,0,0
0,HVAC_01,3119.09,33.71,3.5,33.71,118.0,100,NORMAL,1.0,RUNNING_OPTIMAL,5800.0,,0,0,0
1,HVAC_01,3119.09,33.71,3.5,33.71,118.0,100,NORMAL,1.0,RUNNING_OPTIMAL,5800.0,,0,0,0
2,HVAC_01,3119.09,33.71,3.5,33.71,118.0,100,NORMAL,1.0,RUNNING_OPTIMAL,5800.0,,0,0,0
3,HVAC_01,3119.09,33.71,3.5,33.71,118.0,100,NORMAL,1.0,RUNNING_OPTIMAL,5800.0,,0,0,0
4,HVAC_01,3327.03,34.96,3.5,34.96,122.37,100,NORMAL,1.0,RUNNING_OPTIMAL,5800.0,,0,0,0
5,HVAC_01,3638.94,36.83,3.5,36.83,128.92,100,NORMAL,1.0,RUNNING_OPTIMAL,5800.0,,0,0,0
6,HVAC_01,4678.64,43.07,4.5,43.07,193.82,100,NORMAL,1.0,RUNNING_OPTIMAL,5800.0,,0,0,0
7,HVAC_01,4990.55,44.94,4.5,44.94,202.24,100,NORMAL,1.0,RUNNING_OPTIMAL,5800.0,,0,0,0
8,HVAC_01,5198.49,46.19,4.5,46.19,207.86,100,NORMAL,1.0,RUNNING_OPTIMAL,5800.0,,0,0,0
9,HVAC_01,5198.49,46.19,4.5,46.19,207.86,100,NORMAL,1.0,RUNNING_OPTIMAL,5800.0,,0,0,0
10,HVAC_01,4990.55,44.94,4.5,44.94,202.24,100,NORMAL,1.0,RUNNING_OPTIMAL,5800.0,,0,0,0
11,HVAC_01,4678.64,43.07,4.5,43.07,193.82,100,NORMAL,1.0,RUNNING_OPTIMAL,5800.0,,0,0,0
12,HVAC_01,3950.85,38.71,4.5,38.71,174.17,100,NORMAL,1.0,RUNNING_OPTIMAL,5800.0,,0,0,0
13,HVAC_01,4366.73,41.2,4.5,41.2,185.4,100,NORMAL,1.0,RUNNING_OPTIMAL,5800.0,,0,0,0
14,HVAC_01,4990.55,44.94,4.5,44.94,202.24,100,NORMAL,1.0,RUNNING_OPTIMAL,5800.0,,0,0,0
15,HVAC_01,5198.49,46.19,4.5,46.19,207.86,100,NORMAL,1.0,RUNNING_OPTIMAL,5800.0,,0,0,0
16,HVAC_01,5406.43,47.44,4.5,47.44,213.47,100,NORMAL,1.0,RUNNING_OPTIMAL,5800.0,,0,0,0
17,HVAC_01,5614.37,48.69,4.5,48.69,219.09,100,NORMAL,1.0,RUNNING_OPTIMAL,5800.0,,0,0,0
18,HVAC_01,6030.25,51.18,5.5,51.18,281.5,100,NORMAL,1.0,RUNNING_OPTIMAL,5800.0,,0,0,0
19,HVAC_01,6238.19,52.43,5.5,52.43,288.36,100,NORMAL,1.0,RUNNING_OPTIMAL,5800.0,,0,0,0
20,HVAC_01,6030.25,51.18,5.5,51.18,281.5,100,NORMAL,1.0,RUNNING_OPTIMAL,5800.0,,0,0,0
21,HVAC_01,5718.34,49.31,5.5,49.31,271.21,100,NORMAL,1.0,RUNNING_OPTIMAL,5800.0,,0,0,0
22,HVAC_01,3638.94,36.83,3.5,36.83,128.92,100,NORMAL,1.0,RUNNING_OPTIMAL,5800.0,,0,0,0
23,HVAC_01,3638.94,36.83,3.5,36.83,128.92,100,NORMAL,1.0,RUNNING_OPTIMAL,5800.0,,0,0,0
0,PUMP_01,138.89,19.08,3.5,19.08,66.79,100,NORMAL,1.0,RUNNING_OPTIMAL,180.0,BASE_BATCH_01,1,1,3
1,PUMP_01,138.89,19.08,3.5,19.08,66.79,100,NORMAL,1.0,RUNNING_OPTIMAL,180.0,BASE_BATCH_01,0,1,3
2,PUMP_01,138.89,19.08,3.5,19.08,66.79,100,NORMAL,1.0,RUNNING_OPTIMAL,180.0,BASE_BATCH_01,0,1,3
3,PUMP_01,138.89,19.08,3.5,19.08,66.79,100,NORMAL,1.0,RUNNING_OPTIMAL,180.0,BASE_BATCH_02,1,1,3
4,PUMP_01,138.89,19.08,3.5,19.08,66.79,100,NORMAL,1.0,RUNNING_OPTIMAL,180.0,BASE_BATCH_02,0,1,3
5,PUMP_01,138.89,19.08,3.5,19.08,66.79,100,NORMAL,1.0,RUNNING_OPTIMAL,180.0,BASE_BATCH_02,0,1,3
6,PUMP_01,138.89,19.08,4.5,19.08,85.88,100,NORMAL,1.0,RUNNING_OPTIMAL,180.0,BASE_BATCH_03,1,1,3
7,PUMP_01,138.89,19.08,4.5,19.08,85.88,100,NORMAL,1.0,RUNNING_OPTIMAL,180.0,BASE_BATCH_03,0,1,3
8,PUMP_01,138.89,19.08,4.5,19.08,85.88,100,NORMAL,1.0,RUNNING_OPTIMAL,180.0,BASE_BATCH_03,0,1,3
9,PUMP_01,138.89,19.08,4.5,19.08,85.88,100,NORMAL,1.0,RUNNING_OPTIMAL,180.0,BASE_BATCH_04,1,1,3
10,PUMP_01,138.89,19.08,4.5,19.08,85.88,100,NORMAL,1.0,RUNNING_OPTIMAL,180.0,BASE_BATCH_04,0,1,3
11,PUMP_01,138.89,19.08,4.5,19.08,85.88,100,NORMAL,1.0,RUNNING_OPTIMAL,180.0,BASE_BATCH_04,0,1,3
12,PUMP_01,138.89,19.08,4.5,19.08,85.88,100,NORMAL,1.0,RUNNING_OPTIMAL,180.0,BASE_BATCH_05,1,1,3
13,PUMP_01,138.89,19.08,4.5,19.08,85.88,100,NORMAL,1.0,RUNNING_OPTIMAL,180.0,BASE_BATCH_05,0,1,3
14,PUMP_01,138.89,19.08,4.5,19.08,85.88,100,NORMAL,1.0,RUNNING_OPTIMAL,180.0,BASE_BATCH_05,0,1,3
15,PUMP_01,138.89,19.08,4.5,19.08,85.88,100,NORMAL,1.0,RUNNING_OPTIMAL,180.0,BASE_BATCH_06,1,1,3
16,PUMP_01,138.89,19.08,4.5,19.08,85.88,100,NORMAL,1.0,RUNNING_OPTIMAL,180.0,BASE_BATCH_06,0,1,3
17,PUMP_01,138.89,19.08,4.5,19.08,85.88,100,NORMAL,1.0,RUNNING_OPTIMAL,180.0,BASE_BATCH_06,0,1,3
18,PUMP_01,0.0,0.0,5.5,0.0,0.0,100,NORMAL,1.0,RUNNING_OPTIMAL,180.0,,0,0,0
19,PUMP_01,0.0,0.0,5.5,0.0,0.0,100,NORMAL,1.0,RUNNING_OPTIMAL,180.0,,0,0,0
20,PUMP_01,0.0,0.0,5.5,0.0,0.0,100,NORMAL,1.0,RUNNING_OPTIMAL,180.0,,0,0,0
21,PUMP_01,0.0,0.0,5.5,0.0,0.0,100,NORMAL,1.0,RUNNING_OPTIMAL,180.0,,0,0,0
22,PUMP_01,0.0,0.0,3.5,0.0,0.0,100,NORMAL,1.0,RUNNING_OPTIMAL,180.0,,0,0,0
23,PUMP_01,0.0,0.0,3.5,0.0,0.0,100,NORMAL,1.0,RUNNING_OPTIMAL,180.0,,0,0,0
